ALL AROUND COM  GMBH,null,0807,"https://www.dnb.com/business-directory/company-profiles.all-in_gmbh.b043e57cf01d31923fb465d53aa24926.html, https://answers.microsoft.com/en-us/outlook_com/forum/all/i-have-a-foreign-email-address-that-wont-go/7a951b73-e6a7-4245-911c-a897b0fe6125"
Air & Sea Logistics,"neu-isenburg@de.dsv.com, info@andreas-schmid.de., sales@airsealogistics.com., imports@airsealogistics.com.","07301915, +49 61023589120, 0855, +49 5117402950, 0190, +49 89 97, +49 821 49840, 0710","https://www.iata.org/en/publications/directories/cargolink/directory/insa-air--sea-logistics-gmbh/8511/, https://www.dsv.com/en/countries/europe/germany/neu-isenburg/dsv-air-sea-logistics-denis001"
ABX DEUTSCHLAND GmbH,info@abx.de,"01454, +49 3528 4041, 01067, +49 351, 041 60","https://abx.de/contact#:~:text=info%40abx.de., https://www.lusha.com/business/5a981142265cfba3/"
3pl Online AG,"germany@logisticsplus.com., sales@jamesandjames.com.",null,"http://www.shippingline.org/company/de-4148/3pl_Online_AG.html, https://ukemixlog.fi/en"
ALLSTA Spedition GmbH,"patricia.zeller@allsta.com., info@allsta.com, info@allsta.com.","0629, 0133, 0621, 0711, 0990, 0549, 09911","https://www.ufofreight.com/brochure/allsta/partners, https://www.cargoconnections.net/brochure/allstaspedition"
Andree & Wilkerling Gmbh,"support@yumpu.com., contact@andree-wilkerling.de.","0354, +49 40 41536","http://www.hafen-hamburg.de/en/address/andree-und-wilkerling-gmbh-und-co-kg-7757/, https://rocketreach.co/torben-klammer-email_126268758"
Andreas Scholten GmbH Zoll- und Speditionskontor,null,0127,"https://rocketreach.co/andreas-scholten-email_417369802, https://azfreight.com/freight-forwarder/andreas-scholten-gmbh-zoll-und-speditionskontor/"
ALTAMAR Shipping & Forwarding GmbH,null,"+49 211 86, 0212","https://www.altamar.de/en/contact/, https://www.altamar.de/en/"
ARO Logistik GmbH,null,null,https://www.aro-logistik.com/en/imprint/
Aspira Logistics GmbH,null,"+49 40 52474790, +49 40 524747999","https://www.aspira-logistics.com/contact-us/?lang=en, https://www.aspira-logistics.com/legal-notice/?lang=en"
AStrans Logistics GmbH,null,"0549, +49 69 87","https://azfreight.com/freight-forwarder/astrans-s-pte-ltd/, https://www.northdata.com/AStrans+International+GmbH,+Bottrop/Amtsgericht+Gelsenkirchen+HRB+11833"
Atlant,"info@reibus.com, inquiries@generalatlantic.com","0303, 0328, 0333, 0308","https://www.germany.info/us-en/embassy-consulates/atlanta, https://german-institute.org/about/contact.html"
Austral Logistics GmbH,"service@austral-logistics.de, info@australgroup.com.",+49 40 943622,"http://austral-logistics.de/contacts/, http://austral-logistics.de/"
Avia Cargo GmbH,null,null,
"B I S Beyoglu Internationale Spedition GmbH, Hamburg","info@beyoglu-spedition.de., mehmet@beyoglu-spedition.de.","0537, +4940 8814, 049 40, 049 176","http://www.bis-spedition.com/iletisim.php?lang=en, https://trustnetwork.vn/bis-beyoglu-internationale-speditio/"
B.L.A.S (Bremen Logistics and Shipping) GmbH,"b.sanchis@blas-shipping.com., info@container-xchange.com.",0355,"https://www.blas-shipping.com/en-gb/kontakt, https://www.blas-shipping.com/en-gb/what-we-do"
Bantmann Trade & Consulting UG,info@jms-fahrzeugteile.de.,+49 7127960840,"https://bantmann.de/en/, https://bantmann.de/en/shop/shock-a-title-16/"
Baltic Short Sea Shipping GmbH,"operations@balticshipping.dk, info@bsssham.de., info@ewt-shipping.com.","0457, 0800, 0856","https://www.linkedin.com/posts/baltic-shipping-comapany-a-s_announcement-new-office-in-a-new-country-activity-7097913703215296512-IYDW?trk=public_profile_like_view, https://www.northdata.com/BSSS+GmbH+Baltic+Short+Sea+Shipping,+Halle+%28Saale%29/Amtsgericht+Stendal+HRB+26065"
BERLINER BANK,"officials.de@n26.com, information@lbb.de, service@berliner-volksbank.de","+49 30 2599, +49 30 2325, +49 30 5515, 0431, 0178, +49 30 3063, 0117","https://www.berliner-sparkasse.de/en/home/toolbar/kontakt.html, https://www.lusha.com/business/8d7d4c661ddd20bc/"
BATI Logistics GmbH,"info@batilogistics.de., INFO@BATILOGISTICS.DE., ardit@batigroup.com.tr","+49 30 9451, 0801242, +493094513200, +49 30 94513200, 0905311016826","https://www.batilogistics.de/Uploads/documents/19/BATI%20LOGISTICS%20GMBH%202021%20EN.pdf, https://www.batilogistics.de/Uploads/documents/46/BATI%20LOGISTICS%20GMBH%202024_EN.pdf"
Bertola Joseph Muenchen Gmbh,info@bertola.de,07726,"https://www.bertola.de/ask-for-offer/, https://www.bertola.de/"
BJ FREIGHT LOGISTICS UG,"service@bjfreightlogistics.com., service@bjfreightlogistics.com, acllogistics@yahoo.com.","04941054074483, 0354","https://bjfreightlogistics.com/en/, https://bjfreightlogistics.com/en/imprint/"
BIS BEYOGLU INTERNATIONALE SPEDITION GMBH,"info@beyoglu-spedition.de., mehmet@beyoglu-spedition.de., info@beyoglu-spedition.de","0537, +4940 8814, 049 40, 049 176","http://www.bis-spedition.com/iletisim.php?lang=en, https://trustnetwork.vn/bis-beyoglu-internationale-speditio/"
Cargo Marketing Spedition GmbH,"info@cargo-marketing.de., jp@cargo-marketing.de.","06105, +49 2203 368960","https://www.cargo-marketing.de/en/imprint/, https://www.lusha.com/business/036d7e343179c682/"
CARGO MARKETNG SPEDITION DEUTSCHLAND GMBH,"info@cargo-marketing.de., jp@cargo-marketing.de., demuc@cargo-partner.com","02199, 06105, +49 811 99967","https://www.lusha.com/business/5943c92a362259c8/, https://azfreight.com/freight-forwarder/cargo-marketing-spedition-deutschland-gmbh/"
Cargo Partner Gmbh,"usord@cargo-partner.com, atfis@cargo-partner.com",+49 811 99,"https://www.cargo-partner.com/contact/Europe/Germany, https://www.cargo-partner.com/contact"
CCS-Express GmbH (MUC),"info.muc@ccs-express.de, ifaheadoffice@iinet.net.au, info@ccs-express.de.","+49 811 55, +49 811 5500, 0811, +49 180 5949260, 0100, 0119","https://www.ccs-express.de/en/contact/, https://www.ccs-express.de/en/company/locations/"
CCL Transport GmbH,hello@ccl-logistics.com,"01292 310, 01292 310510, 02199","https://www.ccl-logistics.com/contact-us/, https://www.ccl-logistics.com/"
Cargo.Net International GmbH,"sales@cargo-net.co.uk, germany@logisticsplus.com.","+49 2242 969, 07310, 0161 383","http://www.shippingline.org/company/de-6126/Cargo_Net_International_GmbH.html, https://www.cargonet.com/contact/"
CargoBOSS Spedition KG,"sjoel5228@gmail.com, uml.scholarlycommunications@manchester.ac.uk, questions@lorryspotting.com.",null,"https://www.freightnet.com/profile/91084.htm, https://m.facebook.com/groups/575245383668298/posts/1100066334519531/"
Chandler Shipping,hamburg@wrist.com.,"0359, +49 40 299, 09135747, 0451","https://www.wrist.com/en/meet_us/contact-us/hamburg.htm, https://www.limanisupply.com/ship-chandler-bremerhaven/"
CES Cargo Express Systems GmbH,"info@cargo-express.de, import@cargo-express.de","+49 2351 97, +49421 14447","https://cargo-express.de/en/imprint/, https://www.dnb.com/business-directory/company-profiles.ces_cargo_express_systems_nw_gmbh.1937ebd2dbc682b369ddad928072c39c.html"
CIS LOGISTICS,"kontakt@cis-freight.de, info@cis.de, office@cis-cert.com., info@mtlogistics.de","+49 3378, +49 2151 3787, 091 6309, +49 6438 92540","http://www.cis-freight.com/, https://cis.de/en/contact/"
CMP CARGO UG,"customerservices@cmp-products.com., order_us@sinobiologicalus.com.","05973 89, 0558","http://www.cargoyellowpages.com/en/germany/frankfurt/freight-forwarders-cmp-cargo-ug-25910.html, https://www.cmport.com/services/general-cargo/"
Collyer Logistics (Europe) GmbH,r.kung@hkg.collyerlogistics.com,06429,"https://www.collyerlogistics.com/, http://mobile.cargoyellowpages.com/company/7043/sendmail/91431"
Contrans Logistik GmbH,info@cas-gruppe.de,"+49 231 927, +4923192717949, 04603","https://cas-gruppe.de/en/contrans-logistik-gmbh/, https://www.lusha.com/business/1543036d6b1d0aac/"
Conrad Beyerlein Internationale Spedition GmbH,info@conrad-modelle.de,null,"https://www.bayern-international.de/en/company-database/company-details/conrad-beyerlein-internationale-spedition-gmbh-814, https://spedition-beyerlein.de/kontakt/"
Damco Sea + Air,"info@damcogroup.com., dachser.germany-asl@dachser.com.","073356, 0537, 0350","http://mobile.cargoyellowpages.com/country/DE/city/hamburg/company/7082, https://azfreight.com/freight-forwarder/damco-sea-and-air-ltd/"
Damco (Germany) GmbH,"ltorlakovic@gmx.de., ljubisa.torlakovic@damco.com.","0537, 0171, 0459, +49 69 26952980, +49 69 269529849","https://www.iata.org/en/publications/directories/cargolink/directory/damco-germany-gmbh/8292/, https://www.dnb.com/business-directory/company-profiles.damco_germany_gmbh.cc1734036b29785ef07b6202b5b87e78.html"
Corporate Service Munich GmbH,null,"+49 180 5949260, +49 89 660566, +49 211 361146, 0802, +49 211361146501, 0800 796, +49 89 233, +49 89 2050","https://www.csg-muc.com/en/contact, https://www.bayern-international.de/en/company-database/company-details/corporate-service-munich-gmbh-1040031"
Deutsche Post DHL,"John.Smith@deutschepost.de, J.Smith@deutschepost.de","+49 228 18296701, +49 228 18296799, 0800, 0325, +49 228 182","https://www.dhl.com/de-en/home/customer-service.html, https://www.dhl.com/global-en/home/nic/contact-nic.html"
Draeger & Koch Transport Gmbh,"presse@draeger.com., ana.horner@draeger.com., draegerreview@draeger.com., hannover@draeger-koch.de.","0853, 0511, +49 451 882, 0260, 0669, +49 511 3747350, +49 511 37473520","https://www.lusha.com/business/9dee1661c47920ab/, https://www.draeger-koch.de/kontakt/"
Elbe-Gate Logistics GmbH,"NiceTry@guy.com., NiceTry0@orsitamet.com., info@elbe-gate.comAccounting",+49 160 1000444,"https://www.elbe-gate.com/, https://forwarderdirectory.com/listing/elbe-gate-logistics-gmbh/"
Efkaship F. Knoop & Co.-Since 1936-,null,null,
Eastlog-Trading OHG,"fm@eastlog.com, sf@eastlog.com, jrk@eastlog.com.",null,"http://eastlog.com/en/contact_us/, https://combinedlogisticsnetworks.com/emails/2017/cln-weekly-wednesday-bulletin-12-6-2017.html"
Elbfair Logistics GmbH,"cargo@elbfair.de., d.kuehl@elbfair.de, last@elbfair.de","+49 40 181, +494034865224, +494033492687, 0549, +49 69 87","https://elbfair.de/en/kontakt/, https://www.forwarderspages.com/germany/18622.html"
Emans GmbH - overseas forwarding -,"info@nissin-eu.com., carrels@forward-engineering.com","+49 6241 42980, +49 6241 429820, +49 6826 935, +49 421, 0797, +49 89 12113289","http://www.emans.de/index.php/en/home-en, https://www.freightnet.com/profile/161287.htm"
Esser Spedition Land- u. Seetransporte,info@spedition-esser.de,"02462 205911, 02462 205913, +49 2462 205911, +49 2462","https://www.aircargobook.com/firms/services/5973/esser-spedition-land-u-seetransporte, https://www.aeodirectory.com/aeo/dettaglio/AEO000011298/"
"Emex Express | Frankfurt Airport, Germany",ops@emexexpress.de.,"+49 170 175, 069 247455289",https://www.emexexpress.de/contact
Eppstein Transport & Marketing,Kurt.Fink@t-online.de,06198 7410,"https://www.cargoyellowpages.com/en/germany/eppstein/freight-forwarders-eppstein-transport-marketing-7109.html, http://www.gruztransport.com/company/2059.htm"
Eurabel International Logistics GmbH,"info@eurabel.de, sales@euroway.group","+49 40 60776550, +49 402364566, 049 40","http://www.eurabel.de/eurabel_impress.html, http://www.gruztransport.com/company/2060.htm"
EXPRESS-CARGO e.K.,"info@cargoexpress.co, ops@emexexpress.de., info@alphacargos.com, hello@topship.africa.","0511, 0851, +491701755500, 069247455289, 080777728, 02013302594","https://www.express-cargo.eu/privacy-policy/, https://www.express-cargo.eu/"
EW Logistics GmbH & Co.KG,"administrative@ewlogistics.net, ylde-info@de.yusen-logistics.com.",+49 421 3031,"https://cargoagent.net/company%20profile/Transport_company/Germany/Troisdorf/EW_Logistics_GmbH_CO__KG(i_223271).html, https://www.ewlogistics.net/en/nous-contacter"
FA & Logistik GmbH,"info@lifa-logistics.de, top@toplogistik.com., info@mplogistik.com.",+49 9281 50813,"https://www.northdata.com/FA+Logistik+GmbH,+Wedel/Amtsgericht+Pinneberg+HRB+7915+PI, https://www.northdata.com/FA+Logistics+GmbH,+Berlin/Amtsgericht+Charlottenburg+%28Berlin%29+HRB+217158+B"
F&O Interfreight GmbH,"ffi@ffihamburg.de, info@interfreight.be, info@inter-freight.co.za.","0110, 0520","http://www.shippingline.org/company/de-7579/F_O_Interfreight_GmbH.html, https://interfreightlogistics.com/contact-us/"
Fairlogis Global Transport & Logistic Solution GmbH,null,+4961427014771,https://www.iata.org/en/publications/directories/cargolink/directory/fairlogis-global-transport--logistic-solutions-gmbh/8347/
FFI Freight Forwarding International Gmbh,"ffi@ffihamburg.de., ffi@ffihamburg.de, contact@gw-freight.com, info@andreas-schmid.de.","+49 40 2866, +49 821 49840","http://mobile.cargoyellowpages.com/company/23852/sendmail/54863, https://www.cargoyellowpages.com/en/germany/hamburg/logistics-inter-freight-logistics-ffi-freight-forwarding-international-gmbh-23852.html"
Fixemer Logistics GmbH,info@fixemer.com,"+49304003302283, +49 6867 500, +49 30 400","https://www.fixemer.com/en/impressum-elogistics#:~:text=email%3A%20info%40fixemer.com, https://www.fixemer.com/en/locations/poland"
Fides Spedition Gmbh,"import@fideslogistics.com, export@fideslogistics.com, m.guler@yekas.com.tr, berlin@fides-dvp.de, info@fides-services.com.","+49 821 480, +49 821 470, +49 30 4202690, +49 89 143829, 090 51","https://fideslogistics.com/en/, https://fideslogistics.com/en/iletisim/"
Firma  Gita,"dynacons@gita.com., sales@gitarefractories.in.",null,"https://www.gita.com/contact/, https://rocketreach.co/gita-devi-email_58262211"
Forwarderworld e.K,info@forwarderworld.net,0494049200046,"http://www.cargoyellowpages.com/en/germany/hamburg/freight-forwarders-forwarderworld-e-k-38556.html, https://forwarderworld.net/"
Freight Systems Co. L.L.C,info@pwl.de.,"0457, 0472","https://freightsystems.com/contact-us/, https://freightsystems.com/"
GAC Internationale Spedition GMBH,"gac@gac.de, gac@gac.de.","+49 421 38916, +49 421, +49 4213891600","https://www.gac.de/index.php?en//Impressum, https://www.gac.de/index.php?en/"
Friedrich Dümmen GmbH & CO KG,Contact@b-v-l.com.,"+49 6052 408, +49 177 780, 0995","https://na.dummenorange.com/site/en/contact?country=DE, https://gb.kompass.com/c/friedrich-dummen-gmbh-co-kg/de140644/"
G.U.S. Sped. Intern.Spedition Gmbh,"info@gus-spedition.de., info@globalsped.de., t.burkhardt@karlgross.de.","+49 30 9171550, +49 30 9171554, 09171550, 09171554","https://www.worldoils.com/supplierdetails.php?id=156939&Company=G.u.S.%20Sped.%20Internationale%20Spedition%20GmbH, https://azfreight.com/freight-forwarder/g-u-s-sped-internationale-spedition-gmbh/"
Gateway Worldwide Heino Juschas GmbH,null,null,
GLL Gefahrgut Ladungssicherung & Logistic GmbH,"gefahrgut@gl-l.de., gefahrgut@gl-l.de","0474, 04035961914, 035960684, 02064, 0318","https://gl-l.de/kontakt/, https://rocketreach.co/torben-lubkert-email_109969141"
Global Falcon Logistics GmbH & Co. KG,"contact@glofalo.com, Gm@falcongl.com., jobs@falcon-logistics.de.","096675, 093 521, 0997704, 01561, 02199","https://www.freightglobal.com/global-falcon-logistics-gmbh-co-kg/, https://www.zoominfo.com/c/glofalo-global-falcon-logistics-gmbh-co-kg/359007438"
GR-SPED Internationale Spedition GmbH,t.burkhardt@karlgross.de.,"+49 4202 62576, +49 4202635600, +49 4218, +49 180 5949260, +49 89 660566, 02635600","http://www.shippingline.org/company/de-8362/GR_SPED_Internationale_Spedition.html, https://www.dnb.com/business-directory/company-profiles.gr-sped_internationale_spedition_gmbh.e6f148d014aca1f0264a3b8cdcf73a97.html"
Go East  West Logistic and Trading Provider e.K.,"info@east-west.lt., office@eastwest-sped.com., prglobal@hikvision.com., cipc@cipc.co.za.","037063290008, 037063290002, 02199, 0118799, +497121334120, 086 100, 02105","https://east-west.lt/, https://www.lusha.com/business/6b95193f5a3d00e9/"
GT-Global Transport Services GmbH,null,"+49 610 7763, 08685","http://mobile.cargoyellowpages.com/country/DE/city/kelsterbach/company/39205, https://www.dnb.com/business-directory/company-profiles.gt_-_global_transport_services_gmbh.439a3d339eb0d0ce913334a180b4bc4a.html"
HLS Hanseatic Logistic Solutions Germany GmbH,"bremen@hlsgermany.com., sales@hls-group.com.",null,"https://hlsgermany.com/kontakt/?lang=en, https://hlsgermany.com/?lang=en"
Haffki Spedition Gmbh,"haffki-spedition@t-online.de, info@andreas-schmid.de.","030835, 0789, +49 1752030835, +49 821 49840","https://haffki-spedition.de/, https://www.haffki-spedition.de/en/home"
GW Forwarding GmbH,contact@gw-freight.com.,"022 6984, +49 40 3022, 0226984, 0806, +49 711932610","https://www.gw-freight.com/english-version/, http://mobile.cargoyellowpages.com/company/38797/sendmail/10905"
Hellmann Worldwide Logistics GmbH & Co. KG,jane.doe@hellmann.com,"+4969677377930, +49 541 605","https://www.hellmann.com/en/contact, https://rocketreach.co/hellman-worldwide-email-format_b58aeb3ef9fe7b58#:~:text=The%20most%20common%20Hellman%20Worldwide,%5Blast%5D%20(ex."
Hoelzer & Co. GmbH.,"info@hoelzer.de., service@holler-krane.de.","06173, +49 6053 8, +49 421 596","https://rocketreach.co/andreas-hoelzer-email_85937980, https://www.hoelzer.de/imprint.html"
HM Shipping+Logistics GmbH,"contact@hamburg-machinery.com., shipping.germany@gac.com, info@2hm-logistics.com., info@hm-heating.de","+494072548640, +49 4022852093, 0339","http://www.hm-shipping.com/contact.html, http://www.shippingline.org/company/de-8645/HM_Shipping_Logistics_GmbH.html"
HMT Hansa Maritim Transport GmbH,"info@hmt.de, info@hmt-automotive.com.","07075913, 0794, 0759, 0864, 070759","https://www.iata.org/en/publications/directories/cargolink/directory/hmt-hansa-maritim-transport-gmbh/8514/, https://www.forwarderspages.com/germany/9357.html"
Hoelzer & Co.GmbH Logistic -since 1930-,"contact@geekmv.com, larry20031@freenet.de, westphal.roland@t-online.de, email@saraharvell.com","051219, 0486, 051220, 042395","https://www.iana.org/assignments/enterprise-numbers.txt, http://www.iana.org/assignments/enterprise-numbers/enterprise-numbers?&page=213"
Interglobal Shipping GmbH,"peter.voss@interglobalshipping.de, info@interglobalshipping.de.",06565,"https://www.interglobalshipping.de/contact/, http://mobile.cargoyellowpages.com/country/DE/city/hamburg/company/7195"
Interglobal Shipping Gmbh,"peter.voss@interglobalshipping.de, info@interglobalshipping.de.",06565,"https://www.interglobalshipping.de/contact/, http://mobile.cargoyellowpages.com/country/DE/city/hamburg/company/7195"
IPM-Shipping & Transport,"sales@ipm.bg., info@ipmgroupuk.com, sales@ipmgroupuk.com, accounts@ipmgroupuk.com",04344,"https://www.ipm-essen.de/exhibitors/exhibitor-service/logistics/, https://shipping-data.com/business/germany/bremen/ipm-shipping-transport-pvt"
Karp & Co. GmbH & Co. KG,"info@reisrobotics.com, ulrich.steiner65@gmail.com.","0380, 0227, 07380, +49 6022 503, +49 7121 51539","https://www.northdata.com/Karp+%26+Co.+GmbH+%26+Co.+KG,+D%C3%BCsseldorf/HRA+23149, https://rocketreach.co/maximilian-karp-email_36361436"
Jmco-Trans Germany,"info@jmco-trans.de., jmco@del3.vsnl.net.in, raman.del@jamesmackintosh.com., support@khmtools.com.ph.","07158, 09801, 089705, 049 7158, 09802, 0259, 0622, +49 23 6250410, +49 23 6244250","http://www.jmco-trans.de/en/contact.php, http://www.jmco-trans.de/en/requestform.php"
Karl Gross Internationale Spedition Gmbh,"info@karlgross.de, t.burkhardt@karlgross.de., m.kollmann@karlgross.de., infohh@karlgross.de.","0421, +49 421, +49 40 37","https://www.karlgross.de/en/contact, https://www.karlgross.de/en/imprint"
KCD Forwarding GmbH,"info@andreas-schmid.de., contact.germany@kerrylogistics.com.","02126, +49 821 49840, +49 171 1270","https://www.northdata.com/KCD+Forwarding+GmbH,+Hamburg/HRB+102126, https://www.freightnet.com/profile/90223.htm"
Klassen Logistics GmbH,"info@klassen.de., Info@Klassen.de, info@klassen-logistics.com, info@kls-de.com., sales@klassen.de.","+49 571 39, +49 4261 840120, +49 571 3, +49 172 857, +49 4261 8401","https://klassen.eu/contacts, https://www.klassen-auto.de/kontact"

Loxx Logistics Gmbh,"info@loxx.de., GAA@loxx.de, info@loxx.shop., sales@limelightsigns.co.uk.","+49 209 6046, +49 2324 9049, 01706 873866","https://www.loxx.de/en/contact/, https://www.loxx.de/en/imprint/"
Lsi Gmbh,"feedback@bifi.com, contact@lsi-berlin.org, info-fra@lsi-logistik.de.","04155, +49 30 40561657, 0549","https://www.bifi.com/en/imprint, https://www.lsi-world.de/en/contact/imprint/"
Levantine Shipping & Forwarding Gmbh,"info@levantine.de, info@levantine.de., sithu@diamond-multimodal.comskype","0474, +49 211 1715199, 0545","http://www.levantine.de/contact.htm, http://www.levantine.de/"
M2Logistik GmbH,"lorenzo.zerri@m2logistik.de., hello@dled.eu",+49 812122300,"https://www.m2logistik.de/en/footernav/imprint, https://www.m2logistik.de/en/our-company/who-to-contact/customer-service"
M&M Militzer & Munch,"mumdehz@mumnet.com., last@mumnet.com","+49 9281 971, 022 5943344, +49 9281 9710","https://www.mumnet.com/standort/mm-militzer-muench-gmbh-head-office, https://www.mumnet.com/kontakt"
M9 Logistics GmbH,"m9_Germany@m9logistics.com., Poland@m9logistics.com, sales@m9logistics.com, pricing_de@m9logistics.com","0549, +4969999993351, 0336, +49 69 999","https://m9logistics.com/contact-us/#:~:text=We%20are%20happy%20to%20discuss,at%20sales%40m9logistics.com., https://m9logistics.com/locations/germany-munich/"
Main Transport Gmbh,"info@nissin-eu.com., info@no-botspigsar.de., dispo@inta-transporte.de, info@ramrenta.eu, milda.venslovaite@ramrenta.eu, freiburg@streck.de., transport@de.yangming.com","0176 329, +49 6107 6892420, +49 6107 6892439, 0451, +49 911 643849, +49 911","https://www.nissin-eu.com/en/contact, https://pigsar.de/en/contact/contact-form"
Maritime Cargo Logistics GmbH,"Marlen.Faber@Blg.de., shipping.germany@gac.com","+49 6969 7, +49 402840583, +49 40 28405859, +49 421 52629, +49 421, +49 4022852093, 0457","https://www.northdata.com/MLG+Maritime+Cargo+Logistics+GmbH,+Hamburg/Amtsgericht+Kiel+HRB+16982+KI, https://www.facebook.com/p/MARITIME-Cargo-Logistics-GmbH-100069162703535/"
Magic Air Services Gmbh,"info@magicair.de., info@magicair.de","0549, +49 2500 420223358, +49 2500420223358, +49 69 69593635, +49 69 69591375","https://www.lusha.com/business/4ad8af6c85120a02/, https://www.iata.org/en/publications/directories/cargolink/directory/magic-air-services-gmbh/8395/"
Magic Air Services GmbH,"info@magicair.de., info@magicair.de","0549, +49 2500 420223358, +49 2500420223358, +49 69 69593635, +49 69 69591375","https://www.lusha.com/business/4ad8af6c85120a02/, https://www.iata.org/en/publications/directories/cargolink/directory/magic-air-services-gmbh/8395/"
Mark VII International GmbH,info@flukenetworks.com,+49 421 13327,"http://www.shippingline.org/company/de-10049/Mark_VII_International_GmbH.html, https://www.markvii.net/company/locations/"
Maurice Ward GmbH,"greece@mauriceward.com., cs.plzen@mauriceward.com.","+49 40 7801, 0457, +49 40 808133747","https://www.mauriceward.com/local-finder/frankfurt/, https://www.mauriceward.com/contact/"
Mega Umzüge e.K.,"info@mega-umzuege.de., info@mega-umzuege.de","03068088023, 0493068088023","http://mobile.cargoyellowpages.com/country/DE/city/berlin/company/40648, https://www.crunchbase.com/organization/mega-umz%C3%BCge-e-k-umzugsunternehmen-berlin"
medo store,null,"0539, +49 40 85404693, 0625, +49 4951156600, 01588","https://dsiautomobies.online/pages/contact, https://www.medovlog.com/contacts/"
MAX-Line International Projects & Logistics GmbH,"ops@max-line.de, info@max-line.de., info@max-line.de, Care@maxlineglobal.com","+49 40 22, 0357, +49 40 229, 09744, 09745, +49 4022949480","https://www.max-line.de/en/, https://www.max-line.de/en/contact/"
Mega-Log UG,"abuse@mega.nz., registry.ug@undp.org., support@mega.nz",null,"https://www.northdata.com/Mega-Log+GmbH,+Oststeinbek/Amtsgericht+L%C3%BCbeck+HRB+19335+HL, https://www.lusha.com/business/8a76a2cf02224783/"
Menian Spedition AG,"emergency@menian.com, info@andreas-schmid.de.","+49 6105 977680, +49 6105 977, +49 821 49840","https://www.wcafirst.com/directory/members/3453, https://menian.com/en/logistics/"
Messespedition,"info@fairexpress.de., info@messe-duesseldorf.de, info@fairexpress.de",+49 211 456001,"https://www.fairexpress.de/en/contact/, https://www.valverde-germany.com/"
Miles Binz Shipping GmbH & Co. KG,"service@milesbinz-shipping.com., miles.binz@milesbinz-shipping.com.",037089188,"https://www.milesbinz-shipping.de/en/contact/, https://rocketreach.co/miles-binz-email_20459730"
Monnard Spedition GmbH,"carsten.borchardt@monnard.com., spedition@monnard.com., spedition@monnard.com",null,"https://www.monnard.com/en/kontakt/, https://www.monnard.com/en/impressum/"
Morpheus Logistics GmbH,"operations.gmbh@morpheusworldwide.com., info@morpheusdata.com., karl@morpheus.network., info@teleo-logistics.com.",null,"https://morpheus.co.in/contact.html, https://morpheusdata.com/contact-us/"
Multitrans AG,"ad@multitrans.net., szadegan@multitrans.net., mguthke@multitrans.net., multitrans@multitrans.com.do., eddyjoubert@multitrans.com.do., info@multitrans.net, info@multi-trans.co.il., enquiries@multi-trans.com.my","+49 9281 140, +49 180 5949260, +49 89 660566, +49 9281 1401132, 0182, 0193873128","https://www.multitrans.net/en/company/branch-offices.html, https://www.multitrans.net/en/company/individual-contact-information.html"
NEC Shipping Company Ltd.,"nec-tmodus-general@emea.nec.com., orders@pssc.com, info@nec-retrade.com., lastf@necam.com, DoeJ@necam.com","0547, 0637, +49 40 808053","https://contact.nec.com/de_DE_localize/cgi-bin/contact/frame.cgi?mode=QC_SELECT&site=&select_pr=01&product=16, https://uk.nec.com/en_GB/about/aboutus.html"
Neuermann Logistics,"newmy@gmx.de., info@gab-neumann.com.","+49 6142 87387, +496142 87387, +49 751 5001, +49 392191211","https://rocketreach.co/markus-neumann-email_37047616, https://www.lognetglobal.com/directory/members/135813"
Nelke Spedition Gmbh & Co. Kg,"info@companyshop24.de., christa.rost@bundestag.de","+49 6441 95, 0827, 0461, +49 5132 8585, 0117, 0318","https://nelke-europe.com/pages/contact, https://multitrolley.com/en/contact/"
Norfolkline AB,Dover.PR@dfds.com,null,"https://rocketreach.co/anneli-h-email_244020843, https://ec.europa.eu/competition/mergers/cases/decisions/m5756_1418_2.pdf"
PARS Logistic GmbH,"info@parslogistic.com., info@parslogistic.com","+494054807990, +49 40 548","https://www.parslogistic.com/en/contact/contact-details/, https://www.parslogistic.com/en/company/imprint/"
Nyansapo shipping & procurement,miles.binz@milesbinz-shipping.com.,0955,"https://www.nsplogistics.com/, https://www.volza.com/company-profile/nyansapo-shipping-procurement-haenflingstr-7-45472-muelheim-germany-allemagne-42904436/"
Profi Air Services,null,+49 69 86,"https://aegeanairlines.custhelp.com/, https://www.winair.sx/info/customer-care-6#:~:text=In%20case%20you%20need%20to,fly%2Dwinair.com%20only!"
Peter Wittwer GmbH & Co. KG,last@peterwittwer.com,null,"http://www.peterwittwer.com.hk/contact_en.html, https://peterwittwer.com/contact/"
PROFROST Speditionsgesellschaft mbH,"info@profrost.de., info@profrost.de, HH.Rink@pg-intl.de.","+49 30 2789330, +49 30 27893333, +49 30 278933, +49 302789330","https://www.profrost.com/en, https://www.profrost.com/en/privacy-policy"
Pt Internationale Transporte Gmbh,"info@transport.gov.mt, info@fracht-che.de., mossmaritime@mossww.com., awiedenbach@trtn.com.","+49 700, 0226, 0350, 0457","http://mobile.cargoyellowpages.com/country/DE/city/bremen/company/7365, http://www.shippingline.org/company/de-11509/Pt_Internationale_Transporte.html"
Rega Cargo Agency,"info@regacargo.de., booking.cargo@tallink.ee., bookings@cargonaija.com, d365fs@eim.ae","06105, 042998811, 042998800","https://www.regacargo.de/de/homepage/79-en.html, https://www.regacargo.de/en/services.html"
Quick Cargo Service GmbH,info@quick-cargo-service.de,"+49 6105 91, 06105, +49 711 79, 0425, +49 911 377, +49 17 3310, 02199, 0528 9241","https://quick-cargo-service.com/contact/, https://quick-cargo-service.com/imprint/"
S & D Intl Transportation & Logistics Services GmbH,"info@sanddlogistics.com., stephenpei@ctsglobalsolutions.com.","+491724690977, +498273998649, 0977, 0491724690977, 0498273998649","https://www.sanddlogistics.com/contact_us, http://sanddlogistics.com/"
Samawat GmbH,"tf@samawat.eu., bahaalafrek@samawat.eu., info@your-german-logistics.com","+49 421 9601, +49 421, +494219601300, +49 351 2129364","https://www.samawat.eu/legal-notice/, https://www.samawat.eu/"
Samskip  GmbH,"duisburg@samskip.com., rotterdam@samskip.com.","+49 211 650, +49 421 3770, +49 421 8367, +49 421 30470, +49 40 808133747, 0457, +49 40 361416","https://www.samskip.com/contact/, https://www.samskip.com/about-us/company/#:~:text=Samskip%20is%20a%20Dutch%20company,originally%20in%20Iceland%2C%20in%201990."
SAWECO International Shipping GmbH,"general@saweco.de, info@andreas-schmid.de.","0457, +49 40 3748470, +49 40 373528, +49 40 311706, +49 421 3299736, +49 421 3299794, +49 821 49840, +49 40 80","https://shipping-data.com/business/germany/hamburg/saweco-international-shipping-gmbh, http://www.cargoyellowpages.com/en/germany/hamburg/freight-forwarders-saweco-international-shipping-gmbh-7391.html"
sbc shipping & forwarding,"Sales@sbclogistics.com, moncargo@att.net, forwarding@urgentcargoexpress.com.","+49 208 3024856, +49 208 74059917, 0955, +492083024856, +4920874059917","http://www.shippingline.org/company/de-15670/sbc_shipping_forwarding.html, https://www.nsplogistics.com/"
SBS Cargo-Logistik,null,+4946114680433,"https://sbscargo.cz/, https://www.courierstracking.com/sbs-cargo-logistik-gmbh-contact-phone-number-address-3/"
SBS Cargo-Logistik GmbH,"info@sbs-business.com., contact@expertrans-ma.com, fatiha@expertrans-ma.com",031190,"https://sbscargo.cz/, https://www.freightnet.com/profile/47558.htm"
Schenker Deutschland AG,"special.stuttgart@dbschenker.com., fairs.duesseldorf@dbschenker.com., Eugen.Baumann@dbschenker.com, internet.germany@dbschenker.com, special.dresden@dbschenker.com., special.hannover@dbschenker.com.","+49 711 18560, +49 211 436280, +49 211 4362861, +49 221 98131, +49 69 247440, +49 351 48203, 0451, +49 911 47722, +49 511 87005, 0314","https://www.dbschenker.com/ds-en/contact-us, https://en.wikipedia.org/wiki/DB_Schenker#:~:text=DB%20Schenker%20is%20a%20division,Bahn%20that%20focuses%20on%20logistics."
SHARE LOGISTICS GMBH,"Hamburg@sharelogistics.com., Bilbao@sharelogistics.com., rotterdam@sharelogistics.com","+4940334668600, +49 403 346, +49 626 953, +49 421 178, +49 421 331, +49 173 613, +49 160 9802, 033800, 033829","https://www.sharelogistics.com/contact-2/, https://www.wcainterglobal.com/directory/members/130775"
Seatrader Logistics,"national@seatrader.de., international@seatrader.de., info@seatradeinternational.ch, general@pe.seatrade.com., info@seatradeegypt.com",0544,"https://www.seatrade.com/contact/, https://eastcoastseafoodgroup.com/seatrade-about/seatrade-location#:~:text=Seatrade%20has%20a%20corporate%20headquarters,%2C%20skate%20wings%2C%20and%20dogfish."
Seatrader Speditionsges. mbH,"national@seatrader.de., international@seatrader.de., office@seatrader.de., national@seatrader.de","+49 421 82, +49 421 84","http://seatrader.de/, http://www.handyshippingguide.com/overseas-agencies/freight-agencies-worldwide/germany/bremen"
Skyper Logistics GmbH,"Ralf.Behrend@teleo-logistics.com, maureen@glanetwork.com., thorsten.otto@mgil.de., mail@mgint.de., info@yachtshipping.com., vienna@dacolog.com.","010231, 0930, 09321, 021 5060","https://rocketreach.co/sunny-email_81597392, https://www.forwarderspages.com/cameroon/14916.html"
Stromps + Co. GmbH,"info@bogap.de, support@kemper-amps.com., birmingham@guitarguitar.co.uk","+49 2151 5555, +49 2151, +49 2151 555555, 0476, 03679099, 0121 456","https://stromps.de/en/imprint/, https://stromps.de/en/contact/"
Speed Cargo Service GmbH,"mail@speedcargoservice.com., info@quick-cargo-service.de","+49 4152 8, +49 6105 91","http://www.speedcargoservice.com/Kontakt-German/kontakt-german.html, http://www.shippingline.org/company/de-12826/Speed_Cargo_Service_GmbH.html"
SSL Internationale Spedition Gmbh,"office@ssl-hamburg.com., office@ssl-hamburg.com, angelaschmidt@ssl-hamburg.com.","0537, +49 40 58972466, +4940361668230, +4940361668233","https://www.ssl-hamburg.com/data-privacy#:~:text=Contact%20Us,-If%20you%20have&text=By%20email%3A%20office%40ssl%2Dhamburg.com, https://www.ssl-hamburg.com/"
SYSTEM CARGO GMBH,"demuq@cargo-partner.com., Sven@mairon.de, info@champ.aero.","0975, +49 811 99967, 0211, 0528, +49 69 66906200, 0323 607","http://mobile.cargoyellowpages.com/country/DE/city/hamburg/company/7451, http://www.systemcargo.de/kontakt-eng.html"
t.f.s.cargo Transport & Forwarding System,info@systemcargo.de,"0629, 0711 99, 049 711","http://mobile.cargoyellowpages.com/company/7452/sendmail/29629, http://mobile.cargoyellowpages.com/country/DE/city/stuttgart_airport/company/7452"
Taklog Multicargo Spedition,hof@taklog.de,"+49 9281 1446925, +49 9281 1446931","https://taklog.de/en/contact/, https://taklog.de/"
TCA Globe Freight Logistic GmbH,"tca@tca-globe.de., z.subotic@sz-trans.de., info@sz-trans.de., tcaham@tca-globe.de.","0753850, +49 40 2263469, +49 40 50, 0629, +49 40 5075, 0100, +49 40 50753850, +49 40 504042","https://www.iata.org/en/publications/directories/cargolink/directory/tca-globe-freight-logistic-gmbh--co.-kg/8332/, https://www.tca-globe.de/index.php/de/contact"
Tan Internationale Spedition & Logistik GmbH,"technical@taninternational.com., logistics@taninternational.com., m.guler@yekas.com.tr, enquiries@taninternational.com.","01738 492800, 01738 492801, 01738 632909","https://tan-logistics.com/imprint.html, https://www.lusha.com/business/e6659f3c9b245d6d/"
Thermotraffic G.M.B.H.,sales@thermotraffic.de.,"0457, +49 40 808133747, 0401, +49 54239680","https://www.thermotraffic.de/nl/pers/detail/thermotraffic-further-expands-in-germany/, https://www.container-xchange.com/members/thermotraffic-gmbh/"
TKM Overseas Transport (Europe) GMBH,"200021Chinachirag@tkmglobal.com, apatnaik@tkmglobal.net., info@tkmgroup.com","+49 2191 969, 07171, 0549, 0812676","https://www.tkmgroup.com/en/contact, http://www.shippingline.org/company/de-13299/TKM_Overseas_Transport_Europe.html"
TLS International GmbH,"info@tls-cargo.com., dp@tlscontact.com","0210, 020490084","https://www.tlscontact.com/en/contact-us/, https://www.tlscontact.com/en/"
TPF Forwarding Network (Germany),t.manigk@kopf-luebben.com,"0880, +49 173 7344270","https://tpfnetwork.org/, https://tpfnetwork.org/new-member-germany/"
Transmode Overseas Transportges. mbH,"top.info@transmode.de., service@vatec.de.",+49 421 43861,"http://mobile.cargoyellowpages.com/country/DE/city/bremen/company/7470, https://www.trans-maker.com/networktEurope.html"
Translogistik International GmbH,"info@translogistik.net., harchila@grupotla.com.",05888376,"http://www.cargoyellowpages.com/en/germany/frankfurt-am-main-airport/freight-forwarders-translogistik-international-gmbh-7469.html, http://mobile.cargoyellowpages.com/company/7469/sendmail/82563"
Transway Airfreight GmbH,"customerservice@transway.com., ocean@transway-ocean.de., lutz@transway.de., Customerservice@transway.com.","+496142177730, +49 6107 759490","https://www.go2gln.com/member/896-transway-airfreight.html, https://www.iata.org/en/publications/directories/cargolink/directory/transway-airfreight-gmbh/8381/"
Triple F Logistics GmbH,marcel@triple-f.com.,02862999,"https://www.triple-f.com/en/contact.html, https://www.dnb.com/business-directory/company-profiles.triple_f_logistics_gmbh.ded62aec1888611b.html"
Truck & Speditionsservice GmbH,"info.whv@trucksped.de, info.bhv@trucksped.de.","+49 4421 755792, +49 471 94478, +49 471 944780","https://trucksped.com/en/, https://www.dnb.com/business-directory/company-profiles.truck-_und_speditionsservice_gmbh.5c29a0de23e6032b976b14edef4dc93f.html"
Uhlhorn Spedition,"info@uhlhorn.de., info@transglobal-ils.de.","04243, 04204, 0822","https://www.uhlhorn.de/home.html, https://www.uhlhorn.de/protection-of-data-privacy.html"
UTi Deutschland GmbH,"ber@go2uti.com., qhh@go2uti.com., info@mmcintl.com.","0211, 0476, +49 4921194820, 0472, 0664","https://www.iata.org/en/publications/directories/cargolink/directory/uti-deutschland-gmbh/8301/, http://mobile.cargoyellowpages.com/company/7482/sendmail/92035"
von Benzon Shipping & Trading,ssa.admin@ssa.org.sg,"+491714835934, 09338, 078998","https://www.tradekey.com/company/von-Benzon-Handelshaus-Shipping-and-Trading-since-1679-11224175.html, https://azfreight.com/freight-forwarder/von-benzon-handelshaus-shipping-and-trading-since-1679/"
Wagner oHG,"info@wagnergroup.com., international@wagner-living.de","0853, 0571, 09399, +49 7121 51539","https://www.wagnergroup.com/en/contact.html, https://www.dnb.com/business-directory/company-profiles.wagner_ohg.9a8642f9cf7e5d005595aa48eac325e4.html"
WM Spedition GmbH & Co. KG,"info@andreas-schmid.de., t.pansegrau@freenet.de, torsten.pansegrau@maerskline.com., Booking.Cuxhaven@dfds.com","+49 821 49840, +49 4721 7960","https://fiata.org/directory/de/, https://www.wm-group.de/"
World Freight Gmbh,sam@distinct-services.com,"06177, +49 89 906177, +49 89 907471, 0474","https://www.lusha.com/business/16c37acb24f191b2/, https://www.iata.org/en/publications/directories/cargolink/directory/world-freight-gmbh-internationale-spedition/8335/"

OCEAN TRANSIT SERVICE CI (OTS),null,null,